n,topo,dw,sa,dynamic,total
16,fc_BFT0,32,10,0.525,3.102
16,fc_BFT0,32,20,0.713,3.293
16,fc_BFT0,32,30,0.886,3.468
16,fc_BFT0,32,40,1.049,3.634
16,fc_BFT0,32,50,1.204,3.791
16,fc_BFT0,32,60,1.353,3.943
16,fc_BFT0,32,70,1.498,4.090
16,fc_BFT0,32,80,1.639,4.233
16,fc_BFT0,32,90,1.777,4.373
16,fc_BFT0,32,100,1.911,4.510
16,fc_BFT3,32,10,1.124,3.710
16,fc_BFT3,32,20,1.541,4.134
16,fc_BFT3,32,30,1.938,4.538
16,fc_BFT3,32,40,2.311,4.917
16,fc_BFT3,32,50,2.667,5.278
16,fc_BFT3,32,60,2.996,5.613
16,fc_BFT3,32,70,3.327,5.950
16,fc_BFT3,32,80,3.722,6.352
16,fc_BFT3,32,90,4.041,6.676
16,fc_BFT3,32,100,4.353,6.994
16,fc_BFT1,32,10,0.838,3.420
16,fc_BFT1,32,20,1.186,3.773
16,fc_BFT1,32,30,1.464,4.055
16,fc_BFT1,32,40,1.745,4.341
16,fc_BFT1,32,50,2.013,4.614
16,fc_BFT1,32,60,2.272,4.877
16,fc_BFT1,32,70,2.569,5.179
16,fc_BFT1,32,80,2.817,5.431
16,fc_BFT1,32,90,3.059,5.677
16,fc_BFT1,32,100,3.296,5.918
16,fc_BFT2,32,10,0.976,3.560
16,fc_BFT2,32,20,1.364,3.954
16,fc_BFT2,32,30,1.712,4.307
16,fc_BFT2,32,40,2.029,4.630
16,fc_BFT2,32,50,2.339,4.946
16,fc_BFT2,32,60,2.638,5.249
16,fc_BFT2,32,70,2.926,5.542
16,fc_BFT2,32,80,3.207,5.828
16,fc_BFT2,32,90,3.481,6.107
16,fc_BFT2,32,100,3.814,6.445
16,ld_TREE,32,10,0.327,2.901
16,ld_TREE,32,20,0.459,3.034
16,ld_TREE,32,30,0.585,3.162
16,ld_TREE,32,40,0.706,3.285
16,ld_TREE,32,50,0.823,3.404
16,ld_TREE,32,60,0.936,3.519
16,ld_TREE,32,70,1.045,3.630
16,ld_TREE,32,80,1.151,3.738
16,ld_TREE,32,90,1.255,3.843
16,ld_TREE,32,100,1.355,3.945
16,ld_XBAR,32,10,0.733,3.313
16,ld_XBAR,32,20,1.097,3.683
16,ld_XBAR,32,30,1.454,4.045
16,ld_XBAR,32,40,1.805,4.402
16,ld_XBAR,32,50,2.150,4.753
16,ld_XBAR,32,60,2.490,5.099
16,ld_XBAR,32,70,2.825,5.440
16,ld_XBAR,32,80,3.157,5.777
16,ld_XBAR,32,90,3.484,6.110
16,ld_XBAR,32,100,3.808,6.439
16,ld_MESH0,32,10,0.540,3.117
16,ld_MESH0,32,20,0.794,3.375
16,ld_MESH0,32,30,1.044,3.629
16,ld_MESH0,32,40,1.290,3.879
16,ld_MESH0,32,50,1.532,4.125
16,ld_MESH0,32,60,1.771,4.368
16,ld_MESH0,32,70,2.007,4.607
16,ld_MESH0,32,80,2.240,4.845
16,ld_MESH0,32,90,2.471,5.080
16,ld_MESH0,32,100,2.700,5.312
16,ld_MESH1,32,10,0.651,3.229
16,ld_MESH1,32,20,0.974,3.557
16,ld_MESH1,32,30,1.291,3.880
16,ld_MESH1,32,40,1.603,4.197
16,ld_MESH1,32,50,1.910,4.509
16,ld_MESH1,32,60,2.212,4.816
16,ld_MESH1,32,70,2.510,5.119
16,ld_MESH1,32,80,2.804,5.418
16,ld_MESH1,32,90,3.094,5.713
16,ld_MESH1,32,100,3.381,6.005
8,CMU,32,10,0.415,2.990
8,CMU,32,20,0.555,3.132
8,CMU,32,30,0.681,3.260
8,CMU,32,40,0.818,3.400
8,CMU,32,50,0.955,3.538
8,CMU,32,60,1.091,3.677
8,CMU,32,70,1.226,3.814
8,CMU,32,80,1.359,3.949
8,CMU,32,90,1.493,4.085
8,CMU,32,100,1.626,4.220
16,CMU,32,10,1.433,4.024
16,CMU,32,20,1.919,4.519
16,CMU,32,30,2.344,4.951
16,CMU,32,40,2.824,5.438
16,CMU,32,50,3.301,5.923
16,CMU,32,60,3.776,6.406
16,CMU,32,70,4.249,6.888
16,CMU,32,80,4.720,7.367
16,CMU,32,90,5.189,7.844
16,CMU,32,100,5.653,8.316
32,CMU,32,10,4.509,7.152
32,CMU,32,20,5.856,8.523
32,CMU,32,30,7.067,9.757
32,CMU,32,40,8.417,11.132
32,CMU,32,50,9.763,12.505
32,CMU,32,60,11.105,13.873
32,CMU,32,70,12.442,15.238
32,CMU,32,80,13.775,16.600
32,CMU,32,90,15.104,17.959
32,CMU,32,100,16.430,19.315
64,CMU,32,10,11.604,14.383
64,CMU,32,20,15.256,18.114
64,CMU,32,30,18.594,21.530
64,CMU,32,40,22.260,25.289
64,CMU,32,50,25.918,29.048
64,CMU,32,60,29.566,32.806
64,CMU,32,70,33.204,36.563
64,CMU,32,80,36.833,40.320
64,CMU,32,90,40.446,44.071
64,CMU,32,100,44.046,47.820
16,hoplite_1,32,10,0.181,2.752
16,hoplite_1,32,20,0.280,2.853
16,hoplite_1,32,30,0.379,2.953
16,hoplite_1,32,40,0.477,3.052
16,hoplite_1,32,50,0.574,3.151
16,hoplite_1,32,60,0.671,3.250
16,hoplite_1,32,70,0.767,3.348
16,hoplite_1,32,80,0.863,3.445
16,hoplite_1,32,90,0.959,3.542
16,hoplite_1,32,100,1.054,3.639
16,IC,32,10,0.432,3.007
16,IC,32,20,0.569,3.146
16,IC,32,30,0.704,3.283
16,IC,32,40,0.837,3.419
16,IC,32,50,0.969,3.553
16,IC,32,60,1.100,3.685
16,IC,32,70,1.229,3.817
16,IC,32,80,1.358,3.948
16,IC,32,90,1.486,4.078
16,IC,32,100,1.614,4.208
64,fc_BFT0,32,10,2.365,4.971
64,fc_BFT0,32,20,3.284,5.907
64,fc_BFT0,32,30,4.138,6.775
64,fc_BFT0,32,40,4.947,7.598
64,fc_BFT0,32,50,5.723,8.388
64,fc_BFT0,32,60,6.474,9.153
64,fc_BFT0,32,70,7.206,9.898
64,fc_BFT0,32,80,7.920,10.626
64,fc_BFT0,32,90,8.618,11.337
64,fc_BFT0,32,100,9.300,12.032
64,fc_BFT3,32,10,6.361,9.038
64,fc_BFT3,32,20,9.417,12.151
64,fc_BFT3,32,30,12.176,14.966
64,fc_BFT3,32,40,14.775,17.622
64,fc_BFT3,32,50,17.259,20.164
64,fc_BFT3,32,60,19.564,22.524
64,fc_BFT3,32,70,21.882,24.901
64,fc_BFT3,32,80,24.605,27.698
64,fc_BFT3,32,90,26.838,29.996
64,fc_BFT3,32,100,29.010,32.233
64,fc_BFT1,32,10,3.728,6.358
64,fc_BFT1,32,20,5.550,8.212
64,fc_BFT1,32,30,7.095,9.785
64,fc_BFT1,32,40,8.609,11.328
64,fc_BFT1,32,50,10.059,12.806
64,fc_BFT1,32,60,11.458,14.234
64,fc_BFT1,32,70,12.818,15.622
64,fc_BFT1,32,80,14.144,16.977
64,fc_BFT1,32,90,15.439,18.301
64,fc_BFT1,32,100,16.693,19.583
64,fc_BFT2,32,10,4.774,7.422
64,fc_BFT2,32,20,7.036,9.725
64,fc_BFT2,32,30,9.074,11.802
64,fc_BFT2,32,40,10.991,13.758
64,fc_BFT2,32,50,12.821,15.625
64,fc_BFT2,32,60,14.584,17.427
64,fc_BFT2,32,70,16.215,19.094
64,fc_BFT2,32,80,17.877,20.796
64,fc_BFT2,32,90,19.860,22.828
64,fc_BFT2,32,100,21.463,24.472
16,fc4_BFT3,32,10,0.584,3.161
16,fc4_BFT3,32,20,0.867,3.449
16,fc4_BFT3,32,30,1.135,3.722
16,fc4_BFT3,32,40,1.393,3.983
16,fc4_BFT3,32,50,1.641,4.235
16,fc4_BFT3,32,100,2.762,5.376
16,fc4_BFT3,64,10,1.042,3.627
16,fc4_BFT3,64,20,1.564,4.158
16,fc4_BFT3,64,30,2.062,4.664
16,fc4_BFT3,64,40,2.541,5.151
16,fc4_BFT3,64,50,3.004,5.622
16,fc4_BFT3,64,100,5.127,7.781
