topo,n,rate,pat,sent,recv,time_taken,injection_rate,sustained_rate,if_worst_latency,queue_cumu_worst_latency,sum_queueing,worst_total_latency,sa,average_latency
ld_XBAR,64,5,local,65536,65536,21788,.050,.046,16,2,5,16,.01309308497414478918,4.34414672851562500000
ld_XBAR,64,8,local,65536,65536,13536,.080,.075,20,2,12,20,.02123388556442080378,4.37130737304687500000
ld_XBAR,64,6,local,65536,65536,18337,.060,.055,16,3,12,16,.01559205204413662722,4.35212707519531250000
ld_XBAR,64,7,local,65536,65536,15909,.070,.064,16,3,17,16,.01800409097575795671,4.35913085937500000000
ld_XBAR,64,4,local,65536,65536,26936,.040,.038,16,1,2,16,.01056642365236115236,4.33610534667968750000
ld_XBAR,64,3,local,65536,65536,35425,.030,.028,16,0,0,16,.00800146289108445071,4.32191467285156250000
ld_XBAR,64,2,local,65536,65536,53643,.020,.019,16,0,0,16,.00527680782363651051,4.31729125976562500000
ld_XBAR,64,1,local,65536,65536,111015,.010,.009,14,0,0,14,.00255950303262321908,4.32980346679687500000
ld_XBAR,64,9,local,65536,65536,12088,.090,.084,20,2,18,20,.02380966230283476726,4.37641906738281250000
ld_XBAR,64,13,local,65536,65536,8281,.130,.123,20,5,93,20,.03519162842651853640,4.42427062988281250000
ld_XBAR,64,15,local,65536,65536,7218,.150,.141,22,6,212,22,.04066602157799944582,4.45402526855468750000
ld_XBAR,64,10,local,65536,65536,10817,.100,.094,20,6,31,20,.02667675880558380327,4.38665771484375000000
ld_XBAR,64,11,local,65536,65536,9839,.110,.104,20,6,52,20,.02942835378764779618,4.39941406250000000000
ld_XBAR,64,12,local,65536,65536,8975,.120,.114,20,5,81,20,.03239090064995357474,4.41447448730468750000
ld_XBAR,64,14,local,65536,65536,7680,.140,.133,22,5,153,22,.03811899820963541666,4.44239807128906250000
ld_XBAR,64,16,local,65536,65536,6771,.160,.151,22,6,233,22,.04348104508196721311,4.46592712402343750000
ld_XBAR,64,17,local,65536,65536,6362,.170,.160,22,9,302,22,.04639833352981242795,4.47749328613281250000
ld_XBAR,64,19,local,65536,65536,5789,.190,.176,22,9,424,22,.05137999690504980710,4.50956726074218750000
ld_XBAR,64,20,local,65536,65536,5522,.200,.185,22,9,504,22,.05408291078111795243,4.52709960937500000000
ld_XBAR,64,21,local,65536,65536,5255,.210,.194,24,6,561,24,.05701192316841103710,4.54096984863281250000
ld_XBAR,64,18,local,65536,65536,6066,.180,.168,22,9,369,22,.04882039750247279920,4.49151611328125000000
ld_XBAR,64,22,local,65536,65536,4981,.220,.205,24,6,689,24,.06035879048718463494,4.55747985839843750000
ld_XBAR,64,23,local,65536,65536,4786,.230,.213,24,6,768,24,.06298916544783396016,4.57043457031250000000
ld_XBAR,64,24,local,65536,65536,4527,.240,.226,28,6,932,28,.06691764919740814373,4.59281921386718750000
ld_XBAR,64,25,local,65536,65536,4392,.250,.233,28,14,1102,28,.06922683762143290831,4.61064147949218750000
ld_XBAR,64,26,local,65536,65536,4218,.260,.242,28,14,1295,28,.07243139521100047415,4.63307189941406250000
ld_XBAR,64,27,local,65536,65536,4090,.270,.250,28,14,1496,28,.07506908363895680521,4.65716552734375000000
ld_XBAR,64,29,local,65536,65536,3841,.290,.266,28,14,1889,28,.08069255510717695044,4.70265197753906250000
ld_XBAR,64,28,local,65536,65536,3973,.280,.257,28,14,1668,28,.07763176178790166960,4.67858886718750000000
ld_XBAR,64,30,local,65536,65536,3751,.300,.272,28,14,2116,28,.08298064960454989780,4.72424316406250000000
ld_XBAR,64,31,local,65536,65536,3621,.310,.282,28,14,2482,28,.08638986697965571205,4.75186157226562500000
ld_XBAR,64,32,local,65536,65536,3505,.320,.292,28,14,2838,28,.08970629755111745126,4.78079223632812500000
ld_XBAR,64,33,local,65536,65536,3324,.330,.308,28,14,3095,28,.09509752306458082631,4.80734252929687500000
ld_XBAR,64,36,local,65536,65536,3041,.360,.336,36,14,4404,36,.10578174668420475720,4.90573120117187500000
ld_XBAR,64,34,local,65536,65536,3222,.340,.317,32,14,3469,32,.09866696086799089592,4.83816528320312500000
ld_XBAR,64,35,local,65536,65536,3128,.350,.327,34,14,3817,34,.10219772351875532821,4.86769104003906250000
ld_XBAR,64,37,local,65536,65536,2957,.370,.346,36,14,5035,36,.10972286805320707924,4.95219421386718750000
ld_XBAR,64,39,local,65536,65536,2785,.390,.367,36,14,6634,36,.11822776406343506882,5.04513549804687500000
ld_XBAR,64,38,local,65536,65536,2864,.380,.357,36,14,5772,36,.11398321112662942271,4.99325561523437500000
ld_XBAR,64,40,local,65536,65536,2719,.400,.376,38,14,7421,38,.12159897174206203261,5.07809448242187500000
ld_XBAR,64,41,local,65536,65536,2652,.410,.386,50,14,8067,50,.12566478915284062342,5.12408447265625000000
ld_XBAR,64,42,local,65536,65536,2592,.420,.395,50,14,8934,50,.12958793483153292181,5.17333984375000000000
ld_XBAR,64,43,local,65536,65536,2532,.430,.404,46,14,10052,46,.13375666469194312796,5.23100280761718750000
ld_XBAR,64,44,local,65536,65536,2492,.440,.410,76,14,11122,76,.13755998361423220973,5.30195617675781250000
ld_XBAR,64,45,local,65536,65536,2426,.450,.422,68,14,12210,68,.14311108821104699093,5.37620544433593750000
ld_XBAR,64,47,local,65536,65536,2320,.470,.441,66,14,15223,66,.15336801813936781609,5.53791809082031250000
ld_XBAR,64,46,local,65536,65536,2360,.460,.433,66,14,13862,66,.14897874735169491525,5.46173095703125000000
ld_XBAR,64,48,local,65536,65536,2278,.480,.449,68,14,17444,68,.15748863677933860111,5.61442565917968750000
ld_XBAR,64,49,local,65536,65536,2217,.490,.461,86,17,19889,86,.16413767666516313336,5.72161865234375000000
ld_XBAR,64,50,local,65536,65536,2177,.500,.470,94,17,22910,94,.17006272967386311437,5.85217285156250000000
bp_XBAR,64,5,local,65536,65536,21788,.050,.046,13,2,29,13,.05155844817101156599,3.33050537109375000000
bp_XBAR,64,6,local,65536,65536,18337,.060,.055,13,2,48,13,.06114004471832906146,3.33691406250000000000
bp_XBAR,64,7,local,65536,65536,15908,.070,.064,13,2,69,13,.07031397331531305003,3.34004211425781250000
bp_XBAR,64,13,local,65536,65536,8282,.130,.123,13,3,235,13,.13337754316590195604,3.38227844238281250000
bp_XBAR,64,12,local,65536,65536,8978,.120,.114,13,3,206,14,.12330981519640602955,3.37710571289062500000
bp_XBAR,64,15,local,65536,65536,7219,.150,.141,14,3,313,14,.15244998730202705822,3.40106201171875000000
bp_XBAR,64,11,local,65536,65536,9842,.110,.104,13,3,180,13,.11266764885185937817,3.36576843261718750000
bp_XBAR,64,10,local,65536,65536,10820,.100,.094,13,2,154,13,.10267600989679605668,3.35609436035156250000
bp_XBAR,64,8,local,65536,65536,13535,.080,.075,13,2,84,13,.08246627185691417313,3.34873962402343750000
bp_XBAR,64,16,local,65536,65536,6772,.160,.151,14,3,344,14,.16217436380192951368,3.41032409667968750000
bp_XBAR,64,9,local,65536,65536,12089,.090,.084,13,2,113,13,.09211111340888410952,3.35214233398437500000
bp_XBAR,64,4,local,65536,65536,26936,.040,.038,13,2,18,13,.04179123856858231858,3.32569885253906250000
bp_XBAR,64,14,local,65536,65536,7683,.140,.133,13,3,289,13,.14354117179704108638,3.39476013183593750000
bp_XBAR,64,3,local,65536,65536,35424,.030,.028,13,1,11,13,.03183440105342893706,3.31367492675781250000
bp_XBAR,64,2,local,65536,65536,53643,.020,.019,13,2,8,13,.02107188962213149898,3.31196594238281250000
bp_XBAR,64,1,local,65536,65536,111015,.010,.009,12,0,0,12,.01021878847077722229,3.32667541503906250000
bp_XBAR,64,18,local,65536,65536,6065,.180,.168,14,2,467,14,.18029635545479527342,3.42549133300781250000
bp_XBAR,64,28,local,65536,65536,3972,.280,.257,16,3,1649,16,.26957222694276602886,3.54457092285156250000
bp_XBAR,64,17,local,65536,65536,6364,.170,.160,14,3,432,14,.17219601960245128849,3.41690063476562500000
bp_XBAR,64,19,local,65536,65536,5792,.190,.176,14,2,577,14,.18844666314168968692,3.43977355957031250000
bp_XBAR,64,20,local,65536,65536,5521,.200,.185,14,2,675,14,.19731762814707480528,3.45085144042968750000
bp_XBAR,64,22,local,65536,65536,4980,.220,.205,14,3,867,14,.21774598393574297188,3.46775817871093750000
bp_XBAR,64,25,local,65536,65536,4393,.250,.233,15,4,1154,15,.24525434640336899613,3.49792480468750000000
bp_XBAR,64,21,local,65536,65536,5254,.210,.194,14,2,794,14,.20685331017637355665,3.45886230468750000000
bp_XBAR,64,24,local,65536,65536,4528,.240,.226,15,4,1083,15,.23848139355123674911,3.48889160156250000000
bp_XBAR,64,26,local,65536,65536,4217,.260,.242,15,4,1288,16,.25497768210022923089,3.51179504394531250000
bp_XBAR,64,27,local,65536,65536,4091,.270,.250,16,3,1472,16,.26230343029414161166,3.52867126464843750000
bp_XBAR,64,23,local,65536,65536,4787,.230,.213,15,3,944,15,.22604814036278810667,3.47538757324218750000
bp_XBAR,64,29,local,65536,65536,3840,.290,.266,16,3,1748,16,.27826707628038194444,3.55943298339843750000
bp_XBAR,64,30,local,65536,65536,3753,.300,.272,16,3,1915,16,.28413380406785682565,3.57487487792968750000
bp_XBAR,64,31,local,65536,65536,3620,.310,.282,16,4,2125,16,.29390466735727440147,3.59585571289062500000
bp_XBAR,64,32,local,65536,65536,3504,.320,.292,16,4,2319,16,.30297108364250380517,3.61320495605468750000
bp_XBAR,64,35,local,65536,65536,3128,.350,.327,17,6,3081,17,.33707057891091219096,3.66592407226562500000
bp_XBAR,64,34,local,65536,65536,3221,.340,.317,17,6,2839,17,.32801989547759494980,3.64700317382812500000
bp_XBAR,64,33,local,65536,65536,3323,.330,.308,17,4,2607,17,.31875454534055572274,3.63201904296875000000
bp_XBAR,64,36,local,65536,65536,3040,.360,.336,17,6,3329,17,.34605348821271929824,3.68904113769531250000
bp_XBAR,64,40,local,65536,65536,2720,.400,.376,19,5,4772,19,.38320264629289215686,3.79600524902343750000
bp_XBAR,64,47,local,65536,65536,2320,.470,.441,23,6,9545,23,.44131420617816091954,4.06427001953125000000
bp_XBAR,64,38,local,65536,65536,2864,.380,.357,19,5,4018,19,.36582222197974860335,3.74870300292968750000
bp_XBAR,64,46,local,65536,65536,2359,.460,.434,21,8,8435,22,.43509895612547689699,4.01295471191406250000
bp_XBAR,64,37,local,65536,65536,2960,.370,.345,18,6,3636,18,.35469057925112612612,3.71932983398437500000
bp_XBAR,64,43,local,65536,65536,2534,.430,.404,22,9,6483,22,.40829715864246250986,3.90982055664062500000
bp_XBAR,64,39,local,65536,65536,2784,.390,.367,19,5,4499,19,.37540690104166666666,3.78221130371093750000
bp_XBAR,64,41,local,65536,65536,2653,.410,.385,19,5,5207,19,.39190941465636386480,3.82225036621093750000
bp_XBAR,64,42,local,65536,65536,2591,.420,.395,19,7,5777,19,.40027579441657017882,3.85908508300781250000
bp_XBAR,64,44,local,65536,65536,2492,.440,.410,19,8,7000,20,.41399248428303905831,3.93148803710937500000
bp_XBAR,64,45,local,65536,65536,2425,.450,.422,20,10,7838,21,.42439755154639175257,3.98013305664062500000
bp_XBAR,64,48,local,65536,65536,2279,.480,.449,25,8,10297,25,.44809035395641363170,4.10911560058593750000
bp_XBAR,64,49,local,65536,65536,2218,.490,.461,28,11,11687,28,.45886696441989780583,4.15505981445312500000
bp_XBAR,64,50,local,65536,65536,2178,.500,.470,29,10,12495,29,.46602088594276094276,4.18806457519531250000
hoplite_1,64,1,local,65536,65536,53684,1,1,1,1,1,650,.04020198057149243722,32.93519592285156250000
hoplite_1,64,2,local,65536,65536,35506,2,1,1,1,1,468,.06191559173097504647,45.25547790527343750000
hoplite_1,64,3,local,65536,65536,26956,3,1,1,1,1,489,.08329778156996587030,60.76243591308593750000
hoplite_1,64,4,local,65536,65536,21815,4,1,1,1,1,485,.10463390060356024142,82.60589599609375000000
hoplite_1,64,5,local,65536,65536,18350,5,1,1,1,1,559,.12656022933696639418,103.87951660156250000000
hoplite_1,64,6,local,65536,65536,15922,6,1,1,1,1,541,.14841165787380144872,123.39579772949218750000
hoplite_1,64,7,local,65536,65536,13576,7,1,1,1,1,639,.17728474575230799450,155.63922119140625000000
hoplite_1,64,8,local,65536,65536,12149,8,1,1,1,1,645,.20190919348643235382,182.69465637207031250000
hoplite_1,64,9,local,65536,65536,10874,9,1,1,1,1,775,.23027740098706394457,215.73957824707031250000
hoplite_1,64,10,local,65536,65536,9900,10,1,1,1,1,699,.25918455387205387205,249.69625854492187500000
hoplite_1,64,11,local,65536,65536,9089,11,1,1,1,1,856,.28746573238713463160,289.10557556152343750000
hoplite_1,64,12,local,65536,65536,8442,12,1,1,1,1,1079,.31722834241490957908,341.93865966796875000000
hoplite_1,64,13,local,65536,65536,7948,13,1,1,1,1,1268,.34136273800536822680,389.10980224609375000000
hoplite_1,64,14,local,65536,65536,7607,14,1,1,1,1,1219,.36424852657639893080,451.63391113281250000000
hoplite_1,64,15,local,65536,65536,7301,15,1,1,1,1,1402,.38278931539058576450,505.62948608398437500000
hoplite_1,64,16,local,65536,65536,7064,16,1,1,1,1,1414,.40141474377123442808,575.02635192871093750000
hoplite_1,64,17,local,65536,65536,6887,17,1,1,1,1,1468,.41550278907119694109,625.96774291992187500000
hoplite_1,64,18,local,65536,65536,6717,18,1,1,1,1,1704,.43284995161530445139,708.64074707031250000000
hoplite_1,64,19,local,65536,65536,6653,19,1,1,1,1,1799,.43888017310486497319,770.37573242187500000000
hoplite_1,64,20,local,65536,65536,6492,20,1,1,1,1,1809,.45392807172930786609,835.07908630371093750000
hoplite_1,64,21,local,65536,65536,6442,21,1,1,1,1,1956,.45829210002069750595,901.47976684570312500000
hoplite_1,64,22,local,65536,65536,6315,22,1,1,1,1,2174,.46902299419371865927,943.66516113281250000000
hoplite_1,64,23,local,65536,65536,6267,23,1,1,1,1,2145,.47613989947343226424,1013.47911071777343750000
hoplite_1,64,24,local,65536,65536,6228,24,1,1,1,1,2262,.48156176407621494326,1082.82769775390625000000
hoplite_1,64,25,local,65536,65536,6228,25,1,1,1,1,2396,.48270579105116677371,1121.14990234375000000000
hoplite_1,64,26,local,65536,65536,6138,26,1,1,1,1,2537,.48784552514391224068,1160.39205932617187500000
hoplite_1,64,27,local,65536,65536,6165,27,1,1,1,1,2533,.48899111246282779129,1211.94560241699218750000
hoplite_1,64,28,local,65536,65536,6073,28,1,1,1,1,2643,.49466559635545309841,1246.93284606933593750000
hoplite_1,64,29,local,65536,65536,6054,29,1,1,1,1,2785,.49493189764343134016,1299.35267639160156250000
hoplite_1,64,30,local,65536,65536,6061,30,1,1,1,1,2861,.49925411098278611890,1349.10621643066406250000
hoplite_1,64,31,local,65536,65536,5986,31,1,1,1,1,2946,.50266768292682926829,1377.69725036621093750000
hoplite_1,64,32,local,65536,65536,6002,32,1,1,1,1,3066,.50229263856492280350,1419.61119079589843750000
hoplite_1,64,33,local,65536,65536,5956,33,1,1,1,1,3088,.50505967371837922543,1455.58682250976562500000
hoplite_1,64,34,local,65536,65536,6015,34,1,1,1,1,3232,.50222966888334718758,1507.92781066894531250000
hoplite_1,64,35,local,65536,65536,6002,35,1,1,1,1,3240,.50449416166833277796,1537.04289245605468750000
hoplite_1,64,36,local,65536,65536,5939,36,1,1,1,1,3247,.50913804231913341190,1559.95663452148437500000
hoplite_1,64,37,local,65536,65536,5988,37,1,1,1,1,3334,.50699837174348697394,1600.62791442871093750000
hoplite_1,64,38,local,65536,65536,5980,38,1,1,1,1,3456,.50899874581939799331,1635.73194885253906250000
hoplite_1,64,39,local,65536,65536,5913,39,1,1,1,1,3493,.51308205084841310107,1653.21424865722656250000
hoplite_1,64,40,local,65536,65536,5922,40,1,1,1,1,3529,.51108419875042215467,1674.80091857910156250000
hoplite_1,64,41,local,65536,65536,5916,41,1,1,1,1,3534,.51067637902862294343,1701.86361694335937500000
hoplite_1,64,42,local,65536,65536,5942,42,1,1,1,1,3705,.51052710927858184674,1716.67321777343750000000
hoplite_1,64,43,local,65536,65536,5931,43,1,1,1,1,3691,.51387483841960321474,1770.08671569824218750000
hoplite_1,64,44,local,65536,65536,5929,44,1,1,1,1,3675,.51101752684544892337,1757.54263305664062500000
hoplite_1,64,45,local,65536,65536,5974,45,1,1,1,1,3920,.50753264144626715768,1806.46611022949218750000
hoplite_1,64,46,local,65536,65536,6071,46,1,1,1,1,3935,.50327204469335090320,1852.68278503417968750000
hoplite_1,64,47,local,65536,65536,5939,47,1,1,1,1,3894,.51080779592523993938,1845.53421020507812500000
hoplite_1,64,48,local,65536,65536,5890,48,1,1,1,1,3867,.51367430673457838143,1853.03474426269531250000
hoplite_1,64,49,local,65536,65536,5912,49,1,1,1,1,3950,.51423834291835814163,1879.98715209960937500000
hoplite_1,64,50,local,65536,65536,5904,50,1,1,1,1,3903,.51066543868563685636,1873.90208435058593750000
hoplite_1,64,1,random,65536,65536,53679,1,1,1,1,1,728,.05484958425703409775,43.37434387207031250000
hoplite_1,64,2,random,65536,65536,35509,2,1,1,1,1,764,.08565756803439503600,72.01354980468750000000
hoplite_1,64,3,random,65536,65536,26959,3,1,1,1,1,615,.11688698579324158907,106.84503173828125000000
hoplite_1,64,4,random,65536,65536,21826,4,1,1,1,1,734,.14935121338464827881,143.21415710449218750000
hoplite_1,64,5,random,65536,65536,18374,5,1,1,1,1,830,.18451514368128877762,200.21319580078125000000
hoplite_1,64,6,random,65536,65536,15964,6,1,1,1,1,967,.22171304706422784598,284.21467590332031250000
hoplite_1,64,7,random,65536,65536,13618,7,1,1,1,1,1171,.27111482351789298477,372.56890869140625000000
hoplite_1,64,8,random,65536,65536,12212,8,1,1,1,1,1272,.31390188271099465007,479.29110717773437500000
hoplite_1,64,9,random,65536,65536,11271,9,1,1,1,1,1573,.35334921110223878389,632.44841003417968750000
hoplite_1,64,10,random,65536,65536,10704,10,1,1,1,1,1995,.38151138982311908320,788.83842468261718750000
hoplite_1,64,11,random,65536,65536,10284,11,1,1,1,1,2134,.40509883881109814598,946.91015625000000000000
hoplite_1,64,12,random,65536,65536,9993,12,1,1,1,1,2437,.42280794472797625004,1114.60475158691406250000
hoplite_1,64,13,random,65536,65536,9774,13,1,1,1,1,2826,.43738383295818839096,1274.45872497558593750000
hoplite_1,64,14,random,65536,65536,9626,14,1,1,1,1,2981,.44989752146963086086,1444.02259826660156250000
hoplite_1,64,15,random,65536,65536,9463,15,1,1,1,1,3354,.46017218376836098488,1579.58531188964843750000
hoplite_1,64,16,random,65536,65536,9399,16,1,1,1,1,3587,.46442440685179274390,1713.10156250000000000000
hoplite_1,64,17,random,65536,65536,9375,17,1,1,1,1,4110,.46773722222222222222,1837.79006958007812500000
hoplite_1,64,18,random,65536,65536,9270,18,1,1,1,1,4043,.47644788295577130528,1961.36277770996093750000
hoplite_1,64,19,random,65536,65536,9301,19,1,1,1,1,4320,.47668877450453356269,2088.65667724609375000000
hoplite_1,64,20,random,65536,65536,9234,20,1,1,1,1,4609,.48165464136163453902,2186.46957397460937500000
hoplite_1,64,21,random,65536,65536,9215,21,1,1,1,1,4779,.47965556610598661602,2250.08335876464843750000
hoplite_1,64,22,random,65536,65536,9200,22,1,1,1,1,4983,.48292742300724637681,2350.03421020507812500000
hoplite_1,64,23,random,65536,65536,9124,23,1,1,1,1,5144,.48588087278971211456,2405.87112426757812500000
hoplite_1,64,24,random,65536,65536,9142,24,1,1,1,1,5280,.48721844691168963757,2505.54829406738281250000
hoplite_1,64,25,random,65536,65536,9108,25,1,1,1,1,5433,.48962164672083150344,2569.02775573730468750000
hoplite_1,64,26,random,65536,65536,9067,26,1,1,1,1,5450,.48986595161942575640,2616.97494506835937500000
hoplite_1,64,27,random,65536,65536,9091,27,1,1,1,1,5559,.48890042349576504234,2669.90180969238281250000
hoplite_1,64,28,random,65536,65536,9077,28,1,1,1,1,5723,.49295150747310051044,2763.52264404296875000000
hoplite_1,64,29,random,65536,65536,9100,29,1,1,1,1,5780,.49149496336996336996,2809.92599487304687500000
hoplite_1,64,30,random,65536,65536,9134,30,1,1,1,1,5949,.49152947321363404131,2878.74395751953125000000
hoplite_1,64,31,random,65536,65536,9047,31,1,1,1,1,6025,.49475942761873180796,2910.95742797851562500000
hoplite_1,64,32,random,65536,65536,9106,32,1,1,1,1,6112,.49122716706933157625,2956.96867370605468750000
hoplite_1,64,33,random,65536,65536,9032,33,1,1,1,1,6159,.49672230218482432831,3000.13323974609375000000
hoplite_1,64,34,random,65536,65536,9098,34,1,1,1,1,6323,.49376293782516303949,3059.53434753417968750000
hoplite_1,64,35,random,65536,65536,9043,35,1,1,1,1,6368,.49599367835157949058,3074.69824218750000000000
hoplite_1,64,36,random,65536,65536,9031,36,1,1,1,1,6463,.49684824032037795740,3122.59269714355468750000
hoplite_1,64,37,random,65536,65536,8990,37,1,1,1,1,6396,.49793926121616611049,3137.20088195800781250000
hoplite_1,64,38,random,65536,65536,9045,38,1,1,1,1,6480,.49489013266998341625,3167.56604003906250000000
hoplite_1,64,39,random,65536,65536,9020,39,1,1,1,1,6540,.49571149759793052475,3196.61154174804687500000
hoplite_1,64,40,random,65536,65536,9140,40,1,1,1,1,6692,.49341265499635302698,3262.54446411132812500000
hoplite_1,64,41,random,65536,65536,9068,41,1,1,1,1,6749,.49398985443317159241,3259.15171813964843750000
hoplite_1,64,42,random,65536,65536,8976,42,1,1,1,1,6726,.49748983400178253119,3252.27661132812500000000
hoplite_1,64,43,random,65536,65536,9058,43,1,1,1,1,6788,.49537068981379259586,3321.98358154296875000000
hoplite_1,64,44,random,65536,65536,9037,44,1,1,1,1,6894,.49571034358747371915,3341.17726135253906250000
hoplite_1,64,45,random,65536,65536,9062,45,1,1,1,1,6897,.49529341848745677922,3369.10858154296875000000
hoplite_1,64,46,random,65536,65536,9066,46,1,1,1,1,6947,.49476006967424075299,3382.38006591796875000000
hoplite_1,64,47,random,65536,65536,9057,47,1,1,1,1,6946,.49619194177615840418,3424.24278259277343750000
hoplite_1,64,48,random,65536,65536,9054,48,1,1,1,1,7074,.49701271537442014579,3431.09022521972656250000
hoplite_1,64,49,random,65536,65536,9110,49,1,1,1,1,7090,.49388778357116721551,3464.21685791015625000000
hoplite_1,64,50,random,65536,65536,9049,50,1,1,1,1,7138,.49706229049250377573,3485.10148620605468750000
ld_XBAR,64,1,random,65536,65536,111017,.010,.009,20,0,0,20,.00701762361470165229,10.12979125976562500000
ld_XBAR,64,2,random,65536,65536,53649,.020,.019,20,0,0,20,.01456603338366045965,10.15765380859375000000
ld_XBAR,64,3,random,65536,65536,35425,.030,.028,20,0,0,20,.02210829069630675135,10.17799377441406250000
ld_XBAR,64,4,random,65536,65536,26940,.040,.038,20,0,0,20,.02916787498453353130,10.20857238769531250000
ld_XBAR,64,5,random,65536,65536,21796,.050,.046,24,4,4,24,.03615479665611427173,10.23497009277343750000
ld_XBAR,64,6,random,65536,65536,18343,.060,.055,24,4,6,24,.04311263720038525141,10.26766967773437500000
ld_XBAR,64,7,random,65536,65536,15913,.070,.064,24,6,13,24,.04985220744569429606,10.29707336425781250000
ld_XBAR,64,8,random,65536,65536,13534,.080,.075,24,6,16,24,.05880569691763952514,10.32739257812500000000
ld_XBAR,64,9,random,65536,65536,12090,.090,.084,32,6,25,32,.06614367934932451061,10.37265014648437500000
ld_XBAR,64,10,random,65536,65536,10823,.100,.094,34,6,30,34,.07411119548646401182,10.40159606933593750000
ld_XBAR,64,11,random,65536,65536,9848,.110,.103,34,6,40,34,.08177659804021121039,10.44004821777343750000
ld_XBAR,64,12,random,65536,65536,8985,.120,.113,34,6,37,34,.09000214477833426080,10.47927856445312500000
ld_XBAR,64,13,random,65536,65536,8289,.130,.123,34,6,59,34,.09798660121848232597,10.52180480957031250000
ld_XBAR,64,14,random,65536,65536,7686,.140,.133,28,6,57,28,.10613622441235146153,10.56384277343750000000
ld_XBAR,64,15,random,65536,65536,7226,.150,.141,30,6,85,30,.11349441974582526063,10.61616516113281250000
ld_XBAR,64,16,random,65536,65536,6779,.160,.151,30,6,115,30,.12161792545606529970,10.66828918457031250000
ld_XBAR,64,17,random,65536,65536,6371,.170,.160,32,6,144,32,.13014661159943493956,10.72467041015625000000
ld_XBAR,64,18,random,65536,65536,6066,.180,.168,32,11,173,32,.13735025827013957577,10.77308654785156250000
ld_XBAR,64,19,random,65536,65536,5793,.190,.176,32,8,220,32,.14463599207376719028,10.83094787597656250000
ld_XBAR,64,20,random,65536,65536,5527,.200,.185,38,8,273,38,.15247638486822266449,10.89012145996093750000
ld_XBAR,64,21,random,65536,65536,5257,.210,.194,42,6,304,42,.16136000214000380445,10.95671081542968750000
ld_XBAR,64,22,random,65536,65536,4984,.220,.205,42,7,371,42,.17136320600922953451,11.02671813964843750000
ld_XBAR,64,23,random,65536,65536,4794,.230,.213,44,7,460,44,.17974996958003059379,11.11938476562500000000
ld_XBAR,64,24,random,65536,65536,4535,.240,.225,46,8,579,46,.19156990766262403528,11.20649719238281250000
ld_XBAR,64,25,random,65536,65536,4400,.250,.232,50,9,625,50,.19916281960227272727,11.29673767089843750000
ld_XBAR,64,26,random,65536,65536,4216,.260,.242,72,9,781,72,.20970336219165085388,11.39317321777343750000
ld_XBAR,64,27,random,65536,65536,4098,.270,.249,102,9,987,102,.21805256883439075972,11.50888061523437500000
ld_XBAR,64,28,random,65536,65536,3973,.280,.257,68,16,1091,68,.22773578425203456665,11.64535522460937500000
ld_XBAR,64,29,random,65536,65536,3843,.290,.266,56,9,1274,56,.23805424093590077196,11.76983642578125000000
ld_XBAR,64,30,random,65536,65536,3760,.300,.272,88,12,1578,88,.24744431515957446808,11.96205139160156250000
ld_XBAR,64,31,random,65536,65536,3623,.310,.282,142,12,1959,142,.26333530281074615880,12.24957275390625000000
ld_XBAR,64,32,random,65536,65536,3507,.320,.291,194,12,2221,194,.27692345962836232297,12.45629882812500000000
ld_XBAR,64,33,random,65536,65536,3328,.330,.307,214,8,2658,214,.29845408904246794871,12.72644042968750000000
ld_XBAR,64,34,random,65536,65536,3224,.340,.317,212,11,3058,212,.31835250917597187758,13.12638854980468750000
ld_XBAR,64,35,random,65536,65536,3132,.350,.326,150,12,3625,150,.33782909615793954874,13.51304626464843750000
ld_XBAR,64,36,random,65536,65536,3045,.360,.336,262,12,4577,262,.36478730500821018062,14.15406799316406250000
ld_XBAR,64,37,random,65536,65536,2965,.370,.345,246,14,5352,248,.39105009836987071388,14.74615478515625000000
ld_XBAR,64,38,random,65536,65536,2870,.380,.356,200,12,6149,200,.42185367668408826945,15.36679077148437500000
ld_XBAR,64,39,random,65536,65536,2788,.390,.367,444,11,7931,444,.46198505126135820181,16.31597900390625000000
ld_XBAR,64,40,random,65536,65536,2727,.400,.375,422,15,13946,422,.53606775608116367192,18.50086975097656250000
ld_XBAR,64,41,random,65536,65536,2660,.410,.384,332,20,27578,332,.61179266525689223057,20.75038146972656250000
ld_XBAR,64,42,random,65536,65536,2595,.420,.394,359,222,1280203,507,.76644037010276172125,45.05850219726562500000
ld_XBAR,64,43,random,65536,65536,2541,.430,.402,308,274,1999462,400,.79553294716646989374,56.52259826660156250000
ld_XBAR,64,44,random,65536,65536,2535,.440,.403,364,329,4077187,454,.80740569526627218934,88.68695068359375000000
ld_XBAR,64,45,random,65536,65536,2535,.450,.403,293,382,5822533,500,.81219951923076923076,115.49736022949218750000
ld_XBAR,64,46,random,65536,65536,2503,.460,.409,302,367,6851285,584,.81969761286456252497,131.11804199218750000000
ld_XBAR,64,47,random,65536,65536,2509,.470,.408,425,438,8129341,519,.82069186345821708516,150.73359680175781250000
ld_XBAR,64,48,random,65536,65536,2559,.480,.400,362,476,10428661,584,.81559518285137423472,186.19802856445312500000
ld_XBAR,64,49,random,65536,65536,2515,.490,.407,305,508,11047221,603,.82645843687872763419,195.52650451660156250000
ld_XBAR,64,50,random,65536,65536,2507,.500,.408,300,554,12730469,688,.82879136334928865842,221.19909667968750000000
bp_XBAR,64,5,random,65536,65536,21795,.050,.046,14,2,2,14,.07241746004435268027,9.17851257324218750000
bp_XBAR,64,7,random,65536,65536,15912,.070,.064,15,2,4,15,.09791409719603653427,9.21673583984375000000
bp_XBAR,64,8,random,65536,65536,13534,.080,.075,16,2,9,16,.11432790025737648391,9.23260498046875000000
bp_XBAR,64,3,random,65536,65536,35424,.030,.028,14,0,0,14,.04511580543322794339,9.14411926269531250000
bp_XBAR,64,6,random,65536,65536,18342,.060,.055,15,0,0,15,.08551987072020499400,9.19866943359375000000
bp_XBAR,64,4,random,65536,65536,26939,.040,.038,14,1,2,14,.05897709098951953178,9.16467285156250000000
bp_XBAR,64,2,random,65536,65536,53648,.020,.019,14,1,1,14,.02999211391073913907,9.13558959960937500000
bp_XBAR,64,1,random,65536,65536,111017,.010,.009,14,0,0,14,.01458744541001228040,9.11798095703125000000
bp_XBAR,64,9,random,65536,65536,12090,.090,.084,16,2,16,16,.12722183450510063413,9.26123046875000000000
bp_XBAR,64,12,random,65536,65536,8984,.120,.113,16,2,35,16,.16796469185960225586,9.33061218261718750000
bp_XBAR,64,13,random,65536,65536,8288,.130,.123,16,2,43,16,.18090129052043114543,9.35203552246093750000
bp_XBAR,64,10,random,65536,65536,10822,.100,.094,16,2,24,16,.14116438639653791658,9.27670288085937500000
bp_XBAR,64,11,random,65536,65536,9847,.110,.103,16,2,26,16,.15423624686875867438,9.30236816406250000000
bp_XBAR,64,14,random,65536,65536,7685,.140,.133,16,2,56,16,.19383437703318152244,9.37908935546875000000
bp_XBAR,64,15,random,65536,65536,7225,.150,.141,17,2,50,17,.20488772347174163783,9.40518188476562500000
bp_XBAR,64,16,random,65536,65536,6778,.160,.151,18,2,70,18,.21700511612324186092,9.43722534179687500000
bp_XBAR,64,20,random,65536,65536,5526,.200,.185,20,2,117,20,.25930826999638074556,9.56195068359375000000
bp_XBAR,64,19,random,65536,65536,5793,.190,.176,20,2,110,20,.24894313898958513148,9.53030395507812500000
bp_XBAR,64,17,random,65536,65536,6370,.170,.160,19,2,91,19,.22942851419413919413,9.46963500976562500000
bp_XBAR,64,22,random,65536,65536,4983,.220,.205,25,4,162,25,.28374624765870626797,9.64360046386718750000
bp_XBAR,64,21,random,65536,65536,5256,.210,.194,19,3,147,19,.27073969035388127853,9.59761047363281250000
bp_XBAR,64,18,random,65536,65536,6065,.180,.168,17,2,86,17,.23937723275625171750,9.50025939941406250000
bp_XBAR,64,23,random,65536,65536,4793,.230,.213,19,2,183,19,.29311789328186939286,9.68351745605468750000
bp_XBAR,64,24,random,65536,65536,4534,.240,.225,22,10,236,22,.30771985507645934421,9.73733520507812500000
bp_XBAR,64,28,random,65536,65536,3972,.280,.257,23,5,352,23,.34205421020057066129,9.93937683105468750000
bp_XBAR,64,27,random,65536,65536,4097,.270,.249,25,10,330,25,.33399661083312993247,9.88491821289062500000
bp_XBAR,64,26,random,65536,65536,4215,.260,.242,24,5,283,24,.32677472568208778173,9.83679199218750000000
bp_XBAR,64,25,random,65536,65536,4399,.250,.232,21,3,250,21,.31506657526331742062,9.78363037109375000000
bp_XBAR,64,29,random,65536,65536,3843,.290,.266,22,4,375,22,.35118065042501517911,10.01289367675781250000
bp_XBAR,64,30,random,65536,65536,3759,.300,.272,26,5,441,26,.35662985224350447814,10.10054016113281250000
bp_XBAR,64,31,random,65536,65536,3622,.310,.282,27,5,509,27,.36736652747101049144,10.17083740234375000000
bp_XBAR,64,32,random,65536,65536,3506,.320,.292,30,6,599,30,.37663113234455219623,10.25846862792968750000
bp_XBAR,64,33,random,65536,65536,3327,.330,.307,33,6,654,33,.39398215985372207193,10.36071777343750000000
bp_XBAR,64,34,random,65536,65536,3223,.340,.317,34,7,900,34,.40370522093804943634,10.48794555664062500000
bp_XBAR,64,36,random,65536,65536,3044,.360,.336,29,8,1081,29,.42118032742006132282,10.72546386718750000000
bp_XBAR,64,35,random,65536,65536,3132,.350,.326,33,10,1158,33,.41229936608663260962,10.61840820312500000000
bp_XBAR,64,38,random,65536,65536,2869,.380,.356,41,22,2113,41,.43971703627861043336,11.07997131347656250000
bp_XBAR,64,37,random,65536,65536,2964,.370,.345,33,8,1708,34,.42879967597278452541,10.88050842285156250000
bp_XBAR,64,39,random,65536,65536,2787,.390,.367,39,15,3045,39,.44818764202846549455,11.31408691406250000000
bp_XBAR,64,40,random,65536,65536,2726,.400,.375,41,22,5528,45,.45374929307287845438,11.71592712402343750000
bp_XBAR,64,41,random,65536,65536,2659,.410,.385,59,38,9894,61,.45993363733233045004,12.28224182128906250000
bp_XBAR,64,42,random,65536,65536,2594,.420,.394,63,24,11502,63,.46684305528784374196,12.58113098144531250000
bp_XBAR,64,44,random,65536,65536,2495,.440,.410,69,42,37213,77,.47277315046760187040,14.55307006835937500000
bp_XBAR,64,43,random,65536,65536,2540,.430,.403,91,40,26630,97,.47094457431102362204,13.60630798339843750000
bp_XBAR,64,45,random,65536,65536,2428,.450,.421,77,66,106143,104,.47716581291186161449,17.12889099121093750000
bp_XBAR,64,46,random,65536,65536,2363,.460,.433,120,97,252638,135,.48193448917336718860,21.13272094726562500000
bp_XBAR,64,47,random,65536,65536,2325,.470,.440,94,185,1093156,204,.48105958781362007168,37.40534973144531250000
bp_XBAR,64,48,random,65536,65536,2303,.480,.444,111,310,1458096,349,.48206766084093211752,43.63438415527343750000
bp_XBAR,64,49,random,65536,65536,2281,.490,.448,137,253,2682599,285,.48492871364898436358,63.90373229980468750000
bp_XBAR,64,50,random,65536,65536,2270,.500,.451,122,330,3733581,371,.48491705671806167400,80.62442016601562500000
CMU,64,8,random,65536,65536,13992,.080,.073,14,0,0,14,0,8.20677185058593750000
CMU,64,7,random,65536,65536,15990,.070,.064,14,0,0,14,0,8.18574523925781250000
CMU,64,6,random,65536,65536,18556,.060,.055,14,0,0,14,0,8.17387390136718750000
CMU,64,5,random,65536,65536,21943,.050,.046,13,0,0,13,0,8.15475463867187500000
CMU,64,4,random,65536,65536,27550,.040,.037,13,0,0,13,0,8.14860534667968750000
CMU,64,3,random,65536,65536,36564,.030,.028,13,0,0,13,0,8.13313293457031250000
CMU,64,9,random,65536,65536,12310,.090,.083,14,0,0,14,0,8.22377014160156250000
CMU,64,10,random,65536,65536,11056,.100,.092,15,0,0,15,0,8.24195861816406250000
CMU,64,11,random,65536,65536,10107,.110,.101,15,0,0,15,0,8.26757812500000000000
CMU,64,12,random,65536,65536,9172,.120,.111,15,0,0,15,0,8.28707885742187500000
CMU,64,13,random,65536,65536,8620,.130,.118,15,0,0,15,0,8.30981445312500000000
CMU,64,16,random,65536,65536,6909,.160,.148,16,0,0,16,0,8.39070129394531250000
CMU,64,15,random,65536,65536,7359,.150,.139,16,0,0,16,0,8.36592102050781250000
CMU,64,14,random,65536,65536,7794,.140,.131,17,0,0,17,0,8.33728027343750000000
CMU,64,2,random,65536,65536,54318,.020,.018,13,0,0,13,0,8.11625671386718750000
CMU,64,17,random,65536,65536,6442,.170,.158,16,0,0,16,0,8.41618347167968750000
CMU,64,18,random,65536,65536,6109,.180,.167,19,0,0,19,0,8.44505310058593750000
CMU,64,19,random,65536,65536,5808,.190,.176,19,0,0,19,0,8.47357177734375000000
CMU,64,21,random,65536,65536,5258,.210,.194,20,0,0,20,0,8.52867126464843750000
CMU,64,20,random,65536,65536,5464,.200,.187,20,0,0,20,0,8.50212097167968750000
CMU,64,23,random,65536,65536,4811,.230,.212,20,0,0,20,0,8.59091186523437500000
CMU,64,22,random,65536,65536,5071,.220,.201,20,0,0,20,0,8.55752563476562500000
CMU,64,24,random,65536,65536,4639,.240,.220,20,0,0,20,0,8.63026428222656250000
CMU,64,25,random,65536,65536,4416,.250,.231,20,0,0,20,0,8.67164611816406250000
CMU,64,26,random,65536,65536,4278,.260,.239,20,0,0,20,0,8.71400451660156250000
CMU,64,31,random,65536,65536,3596,.310,.284,23,0,0,23,0,8.97155761718750000000
CMU,64,29,random,65536,65536,3841,.290,.266,23,0,0,23,0,8.85867309570312500000
CMU,64,30,random,65536,65536,3687,.300,.277,23,0,0,23,0,8.91125488281250000000
CMU,64,27,random,65536,65536,4148,.270,.246,20,0,0,20,0,8.76254272460937500000
CMU,64,28,random,65536,65536,3997,.280,.256,20,0,0,20,0,8.81416320800781250000
CMU,64,32,random,65536,65536,3508,.320,.291,23,0,0,23,0,9.02851867675781250000
CMU,64,33,random,65536,65536,3409,.330,.300,23,0,0,23,0,9.09655761718750000000
CMU,64,38,random,65536,65536,2920,.380,.350,25,0,0,25,0,9.46810913085937500000
CMU,64,37,random,65536,65536,3001,.370,.341,25,0,0,25,0,9.38716125488281250000
CMU,64,36,random,65536,65536,3099,.360,.330,24,0,0,24,0,9.29913330078125000000
CMU,64,35,random,65536,65536,3220,.350,.318,24,0,0,24,0,9.22607421875000000000
CMU,64,34,random,65536,65536,3291,.340,.311,23,0,0,23,0,9.15649414062500000000
CMU,64,39,random,65536,65536,2830,.390,.361,28,0,0,28,0,9.55160522460937500000
CMU,64,40,random,65536,65536,2723,.400,.376,28,0,0,28,0,9.65547180175781250000
CMU,64,44,random,65536,65536,2455,.440,.417,34,0,0,34,0,10.12266540527343750000
CMU,64,43,random,65536,65536,2529,.430,.404,33,0,0,33,0,9.98242187500000000000
CMU,64,42,random,65536,65536,2590,.420,.395,33,0,0,33,0,9.87380981445312500000
CMU,64,41,random,65536,65536,2664,.410,.384,32,0,0,32,0,9.76400756835937500000
CMU,64,45,random,65536,65536,2392,.450,.428,37,2,5,37,0,10.26086425781250000000
CMU,64,46,random,65536,65536,2337,.460,.438,38,0,0,38,0,10.40475463867187500000
CMU,64,1,random,65536,65536,109123,.010,.009,13,0,0,13,0,8.09445190429687500000
CMU,64,47,random,65536,65536,2289,.470,.447,35,0,0,35,0,10.56428527832031250000
CMU,64,50,random,65536,65536,2164,.500,.473,40,2,7,40,0,11.19532775878906250000
CMU,64,49,random,65536,65536,2215,.490,.462,41,0,0,41,0,10.94055175781250000000
CMU,64,48,random,65536,65536,2260,.480,.453,40,1,4,40,0,10.76094055175781250000
CMU,64,8,local,65536,65536,13987,.080,.073,11,0,0,11,0,3.26940917968750000000
CMU,64,5,local,65536,65536,21940,.050,.046,11,0,0,11,0,3.26272583007812500000
CMU,64,7,local,65536,65536,15990,.070,.064,11,0,0,11,0,3.26986694335937500000
CMU,64,4,local,65536,65536,27550,.040,.037,11,0,0,11,0,3.25721740722656250000
CMU,64,6,local,65536,65536,18552,.060,.055,11,0,0,11,0,3.26657104492187500000
CMU,64,3,local,65536,65536,36556,.030,.028,11,0,0,11,0,3.25990295410156250000
CMU,64,11,local,65536,65536,10107,.110,.101,12,0,0,12,0,3.28952026367187500000
CMU,64,9,local,65536,65536,12310,.090,.083,12,0,0,12,0,3.28114318847656250000
CMU,64,10,local,65536,65536,11054,.100,.092,12,0,0,12,0,3.28378295898437500000
CMU,64,13,local,65536,65536,8615,.130,.118,13,0,0,13,0,3.30163574218750000000
CMU,64,12,local,65536,65536,9169,.120,.111,12,0,0,12,0,3.29440307617187500000
CMU,64,14,local,65536,65536,7788,.140,.131,13,0,0,13,0,3.30966186523437500000
CMU,64,2,local,65536,65536,54318,.020,.018,11,0,0,11,0,3.25355529785156250000
CMU,64,17,local,65536,65536,6440,.170,.159,14,0,0,14,0,3.32510375976562500000
CMU,64,19,local,65536,65536,5805,.190,.176,13,0,0,13,0,3.33462524414062500000
CMU,64,16,local,65536,65536,6910,.160,.148,14,0,0,14,0,3.32301330566406250000
CMU,64,18,local,65536,65536,6105,.180,.167,14,0,0,14,0,3.33164978027343750000
CMU,64,15,local,65536,65536,7353,.150,.139,13,0,0,13,0,3.31840515136718750000
CMU,64,20,local,65536,65536,5458,.200,.187,13,0,0,13,0,3.33592224121093750000
CMU,64,21,local,65536,65536,5254,.210,.194,15,0,0,15,0,3.34707641601562500000
CMU,64,26,local,65536,65536,4274,.260,.239,15,0,0,15,0,3.39706420898437500000
CMU,64,25,local,65536,65536,4411,.250,.232,15,0,0,15,0,3.38351440429687500000
CMU,64,24,local,65536,65536,4634,.240,.220,15,0,0,15,0,3.37127685546875000000
CMU,64,23,local,65536,65536,4807,.230,.213,15,0,0,15,0,3.36360168457031250000
CMU,64,22,local,65536,65536,5065,.220,.202,15,0,0,15,0,3.35153198242187500000
CMU,64,27,local,65536,65536,4144,.270,.247,15,0,0,15,0,3.40599060058593750000
CMU,64,28,local,65536,65536,3991,.280,.256,15,0,0,15,0,3.41667175292968750000
CMU,64,31,local,65536,65536,3590,.310,.285,14,0,0,14,0,3.45742797851562500000
CMU,64,33,local,65536,65536,3406,.330,.300,14,0,0,14,0,3.48941040039062500000
CMU,64,30,local,65536,65536,3681,.300,.278,14,0,0,14,0,3.44227600097656250000
CMU,64,29,local,65536,65536,3835,.290,.267,14,0,0,14,0,3.43060302734375000000
CMU,64,32,local,65536,65536,3506,.320,.292,14,0,0,14,0,3.47033691406250000000
CMU,64,34,local,65536,65536,3287,.340,.311,14,0,0,14,0,3.50393676757812500000
CMU,64,35,local,65536,65536,3214,.350,.318,14,0,0,14,0,3.51651000976562500000
CMU,64,39,local,65536,65536,2830,.390,.361,16,0,0,16,0,3.58547973632812500000
CMU,64,40,local,65536,65536,2717,.400,.376,16,0,0,16,0,3.60530090332031250000
CMU,64,38,local,65536,65536,2912,.380,.351,15,0,0,15,0,3.56571960449218750000
CMU,64,36,local,65536,65536,3095,.360,.330,14,0,0,14,0,3.53137207031250000000
CMU,64,37,local,65536,65536,2994,.370,.342,14,0,0,14,0,3.54873657226562500000
CMU,64,41,local,65536,65536,2659,.410,.385,16,0,0,16,0,3.62075805664062500000
CMU,64,42,local,65536,65536,2585,.420,.396,16,0,0,16,0,3.64184570312500000000
CMU,64,46,local,65536,65536,2331,.460,.439,21,0,0,21,0,3.76071166992187500000
CMU,64,44,local,65536,65536,2452,.440,.417,19,0,0,19,0,3.69966125488281250000
CMU,64,47,local,65536,65536,2287,.470,.447,21,0,0,21,0,3.79460144042968750000
CMU,64,45,local,65536,65536,2386,.450,.429,19,0,0,19,0,3.73217773437500000000
CMU,64,43,local,65536,65536,2526,.430,.405,16,0,0,16,0,3.67007446289062500000
CMU,64,48,local,65536,65536,2254,.480,.454,21,0,0,21,0,3.83261108398437500000
CMU,64,49,local,65536,65536,2210,.490,.463,20,0,0,20,0,3.86981201171875000000
CMU,64,50,local,65536,65536,2159,.500,.474,24,1,4,24,0,3.91604614257812500000
CMU,64,1,local,65536,65536,109123,.010,.009,10,0,0,10,0,3.24591064453125000000
CMU,64,58,local,65536,65536,1862,.580,.549,27,14,477,28,0,4.39402770996093750000
CMU,64,57,local,65536,65536,1889,.570,.542,25,5,217,25,0,4.30761718750000000000
CMU,64,56,local,65536,65536,1949,.560,.525,25,4,76,25,0,4.22639465332031250000
CMU,64,54,local,65536,65536,2004,.540,.510,25,2,19,25,0,4.09414672851562500000
CMU,64,55,local,65536,65536,1978,.550,.517,25,3,30,25,0,4.14784240722656250000
CMU,64,53,local,65536,65536,2033,.530,.503,24,1,8,24,0,4.03857421875000000000
CMU,64,52,local,65536,65536,2074,.520,.493,24,1,2,24,0,3.99240112304687500000
CMU,64,51,local,65536,65536,2118,.510,.483,24,1,6,24,0,3.95861816406250000000
CMU,64,61,local,65536,65536,1767,.610,.579,29,14,1409,29,0,4.70941162109375000000
CMU,64,62,local,65536,65536,1732,.620,.591,29,14,1776,31,0,4.82247924804687500000
CMU,64,63,local,65536,65536,1710,.630,.598,32,17,2906,32,0,4.97619628906250000000
CMU,64,59,local,65536,65536,1838,.590,.557,27,14,688,28,0,4.48869323730468750000
CMU,64,64,local,65536,65536,1681,.640,.609,32,18,4209,32,0,5.14326477050781250000
CMU,64,65,local,65536,65536,1655,.650,.618,35,22,6081,36,0,5.32481384277343750000
CMU,64,60,local,65536,65536,1814,.600,.564,27,14,896,28,0,4.58074951171875000000
CMU,64,66,local,65536,65536,1624,.660,.630,36,25,9258,37,0,5.59651184082031250000
CMU,64,70,local,65536,65536,1558,.700,.657,47,93,97552,102,0,8.16664123535156250000
CMU,64,67,local,65536,65536,1599,.670,.640,43,36,15808,46,0,5.96931457519531250000
CMU,64,73,local,65536,65536,1560,.730,.656,58,157,336344,171,0,13.25018310546875000000
CMU,64,68,local,65536,65536,1560,.680,.656,44,51,27173,59,0,6.39640808105468750000
CMU,64,71,local,65536,65536,1552,.710,.659,50,107,137942,118,0,9.11807250976562500000
CMU,64,69,local,65536,65536,1559,.690,.656,44,70,56019,81,0,7.11311340332031250000
CMU,64,72,local,65536,65536,1564,.720,.654,53,142,227731,151,0,11.01087951660156250000
CMU,64,74,local,65536,65536,1557,.740,.657,59,191,443284,201,0,15.30148315429687500000
CMU,64,79,local,65536,65536,1537,.790,.666,59,257,1564460,267,0,34.29379272460937500000
CMU,64,76,local,65536,65536,1534,.760,.667,51,199,783066,208,0,21.46237182617187500000
CMU,64,81,local,65536,65536,1535,.810,.667,77,282,2150304,291,0,44.26202392578125000000
CMU,64,82,local,65536,65536,1539,.820,.665,83,309,2479623,317,0,49.52412414550781250000
CMU,64,77,local,65536,65536,1551,.770,.660,51,244,1063622,254,0,25.99620056152343750000
CMU,64,75,local,65536,65536,1552,.750,.659,53,201,587815,211,0,17.97166442871093750000
CMU,64,78,local,65536,65536,1546,.780,.662,50,251,1266439,262,0,29.40161132812500000000
CMU,64,80,local,65536,65536,1549,.800,.661,77,287,1829429,299,0,38.76580810546875000000
CMU,64,84,local,65536,65536,1546,.840,.662,88,342,3093628,350,0,59.54466247558593750000
CMU,64,83,local,65536,65536,1553,.830,.659,75,341,2814105,348,0,55.04260253906250000000
CMU,64,85,local,65536,65536,1542,.850,.664,107,347,3602697,355,0,67.53323364257812500000
CMU,64,86,local,65536,65536,1561,.860,.655,82,381,4105233,388,0,75.18881225585937500000
CMU,64,90,local,65536,65536,1540,.900,.664,87,400,5658211,407,0,99.09393310546875000000
CMU,64,87,local,65536,65536,1559,.870,.656,91,395,4553619,404,0,82.13903808593750000000
CMU,64,88,local,65536,65536,1552,.880,.659,84,397,4873203,405,0,87.03294372558593750000
CMU,64,89,local,65536,65536,1551,.890,.660,106,405,5266327,412,0,93.20892333984375000000
CMU,64,91,local,65536,65536,1554,.910,.658,91,419,6041070,427,0,105.05993652343750000000
CMU,64,92,local,65536,65536,1552,.920,.659,98,426,6450954,433,0,111.34336853027343750000
CMU,64,93,local,65536,65536,1543,.930,.663,98,426,6773552,433,0,116.34864807128906250000
CMU,64,95,local,65536,65536,1553,.950,.659,83,466,7601018,473,0,128.90986633300781250000
CMU,64,98,local,65536,65536,1535,.980,.667,108,487,8572542,494,0,143.93620300292968750000
CMU,64,94,local,65536,65536,1556,.940,.658,83,459,7147764,467,0,121.96122741699218750000
CMU,64,96,local,65536,65536,1550,.960,.660,94,476,7974890,483,0,134.73017883300781250000
CMU,64,97,local,65536,65536,1553,.970,.659,123,489,8273038,496,0,139.46455383300781250000
CMU,64,99,local,65536,65536,1540,.990,.664,126,504,8898102,511,0,148.94526672363281250000
CMU,64,100,local,65536,65536,1551,1.000,.660,111,521,9196247,528,0,153.50128173828125000000
CMU,64,56,random,65536,65536,1957,.560,.523,53,20,2416,56,0,13.10864257812500000000
CMU,64,55,random,65536,65536,1986,.550,.515,51,20,2139,55,0,12.70783996582031250000
CMU,64,53,random,65536,65536,2038,.530,.502,47,7,229,47,0,12.00425720214843750000
CMU,64,54,random,65536,65536,2010,.540,.509,51,16,1118,53,0,12.36413574218750000000
CMU,64,52,random,65536,65536,2080,.520,.492,39,6,132,39,0,11.63824462890625000000
CMU,64,51,random,65536,65536,2124,.510,.482,46,7,117,46,0,11.43972778320312500000
CMU,64,57,random,65536,65536,1892,.570,.541,70,29,5374,70,0,13.71072387695312500000
CMU,64,58,random,65536,65536,1869,.580,.547,81,45,13660,93,0,14.46272277832031250000
CMU,64,60,random,65536,65536,1820,.600,.562,77,68,70815,111,0,17.09469604492187500000
CMU,64,61,random,65536,65536,1775,.610,.576,95,102,145141,143,0,19.07698059082031250000
CMU,64,62,random,65536,65536,1759,.620,.582,91,173,327804,209,0,23.09008789062500000000
CMU,64,64,random,65536,65536,1768,.640,.579,94,238,1061068,271,0,35.91738891601562500000
CMU,64,63,random,65536,65536,1781,.630,.574,99,232,680300,275,0,29.26669311523437500000
CMU,64,59,random,65536,65536,1845,.590,.555,86,57,39627,95,0,15.81340026855468750000
CMU,64,65,random,65536,65536,1793,.650,.571,97,325,1521012,367,0,43.86865234375000000000
CMU,64,66,random,65536,65536,1842,.660,.555,94,408,2141434,446,0,53.85374450683593750000
CMU,64,67,random,65536,65536,1809,.670,.566,100,380,2531508,424,0,60.50778198242187500000
CMU,64,68,random,65536,65536,1911,.680,.535,115,531,3313856,559,0,73.11169433593750000000
CMU,64,70,random,65536,65536,1916,.700,.534,108,564,4374909,591,0,90.15940856933593750000
CMU,64,71,random,65536,65536,1894,.710,.540,110,585,4776665,618,0,96.29432678222656250000
CMU,64,69,random,65536,65536,1908,.690,.536,114,541,4004168,565,0,84.01016235351562500000
CMU,64,72,random,65536,65536,1857,.720,.551,124,532,5729024,565,0,111.39833068847656250000
CMU,64,74,random,65536,65536,1897,.740,.539,103,621,7036569,648,0,131.71098327636718750000
CMU,64,73,random,65536,65536,1909,.730,.536,98,600,6363410,626,0,121.39086914062500000000
CMU,64,75,random,65536,65536,1898,.750,.539,105,631,7523606,658,0,139.38148498535156250000
CMU,64,76,random,65536,65536,1898,.760,.539,101,645,8255790,675,0,150.54753112792968750000
CMU,64,78,random,65536,65536,1910,.780,.536,106,701,9507820,733,0,170.39114379882812500000
CMU,64,79,random,65536,65536,1907,.790,.536,111,692,10009504,724,0,178.02194213867187500000
CMU,64,77,random,65536,65536,1909,.770,.536,94,654,8877007,681,0,160.37460327148437500000
CMU,64,80,random,65536,65536,1897,.800,.539,118,698,10420469,730,0,184.29289245605468750000
CMU,64,82,random,65536,65536,1903,.820,.538,108,723,11189675,748,0,196.49229431152343750000
CMU,64,81,random,65536,65536,1936,.810,.528,102,751,10696571,776,0,188.64639282226562500000
CMU,64,83,random,65536,65536,1898,.830,.539,130,723,11732443,754,0,205.02653503417968750000
CMU,64,85,random,65536,65536,1889,.850,.542,139,733,12723946,760,0,220.23649597167968750000
CMU,64,84,random,65536,65536,1924,.840,.532,113,759,12216536,783,0,212.58070373535156250000
CMU,64,87,random,65536,65536,1866,.870,.548,99,728,13189790,760,0,227.56231689453125000000
CMU,64,86,random,65536,65536,1921,.860,.533,110,789,13026789,814,0,225.08163452148437500000
CMU,64,88,random,65536,65536,1906,.880,.537,117,771,13787078,802,0,236.66348266601562500000
CMU,64,89,random,65536,65536,1925,.890,.531,118,804,14564533,840,0,248.49952697753906250000
CMU,64,90,random,65536,65536,1919,.900,.533,112,807,14829189,841,0,252.54776000976562500000
CMU,64,91,random,65536,65536,1890,.910,.541,114,792,15143924,816,0,257.44372558593750000000
CMU,64,92,random,65536,65536,1909,.920,.536,120,814,15513847,839,0,263.18177795410156250000
CMU,64,93,random,65536,65536,1897,.930,.539,116,818,15805008,847,0,267.65174865722656250000
CMU,64,95,random,65536,65536,1899,.950,.539,106,828,16503820,860,0,278.11846923828125000000
CMU,64,94,random,65536,65536,1933,.940,.529,110,859,16309106,881,0,275.16181945800781250000
CMU,64,96,random,65536,65536,1898,.960,.539,106,832,16973995,860,0,285.30232238769531250000
CMU,64,97,random,65536,65536,1897,.970,.539,111,838,17342951,867,0,291.04313659667968750000
CMU,64,98,random,65536,65536,1889,.980,.542,119,840,17352556,872,0,291.21665954589843750000
CMU,64,99,random,65536,65536,1911,.990,.535,109,870,17882101,892,0,299.31825256347656250000
CMU,64,100,random,65536,65536,1909,1.000,.536,118,872,18146672,894,0,303.20117187500000000000
bp_XBAR,64,55,random,65536,65536,2328,.550,.439,147,602,9551893,637,.47059853325458190148,170.63830566406250000000
bp_XBAR,64,58,random,65536,65536,2285,.580,.448,135,616,12467748,659,.47910056528081692195,215.24559020996093750000
bp_XBAR,64,54,random,65536,65536,2280,.540,.449,118,515,7686874,552,.48036823830409356725,141.77784729003906250000
bp_XBAR,64,56,random,65536,65536,2292,.560,.446,115,624,10266663,667,.47798104366637579988,181.45625305175781250000
bp_XBAR,64,65,random,65536,65536,2265,.650,.452,140,785,18472254,807,.48354661055923473142,307.03854370117187500000
bp_XBAR,64,64,random,65536,65536,2284,.640,.448,119,746,17451127,766,.47879382844424985405,291.40707397460937500000
bp_XBAR,64,52,random,65536,65536,2286,.520,.447,115,414,6172031,453,.48100701279527559055,118.48922729492187500000
bp_XBAR,64,62,random,65536,65536,2268,.620,.451,139,664,16038671,691,.48288288598618459729,269.87472534179687500000
bp_XBAR,64,66,random,65536,65536,2260,.660,.453,124,725,19362320,748,.48313456397492625368,320.66638183593750000000
bp_XBAR,64,63,random,65536,65536,2293,.630,.446,125,808,17006372,839,.47750967618839947666,284.51460266113281250000
bp_XBAR,64,51,random,65536,65536,2281,.510,.448,114,397,4954572,432,.48214587443372789712,99.69259643554687500000
bp_XBAR,64,59,random,65536,65536,2278,.590,.449,121,599,13240594,634,.47945646308896693005,227.08387756347656250000
bp_XBAR,64,61,random,65536,65536,2276,.610,.449,120,684,15247940,713,.48033259190099589923,257.72146606445312500000
bp_XBAR,64,60,random,65536,65536,2293,.600,.446,125,685,14557855,716,.47764312127489460677,247.35420227050781250000
bp_XBAR,64,53,random,65536,65536,2251,.530,.454,110,396,6925671,439,.48652103694654227750,130.07218933105468750000
bp_XBAR,64,57,random,65536,65536,2284,.570,.448,119,616,11433434,649,.47962102761967308814,199.53152465820312500000
bp_XBAR,64,67,random,65536,65536,2291,.670,.446,138,787,20166424,807,.47723485468499927251,333.05104064941406250000
bp_XBAR,64,69,random,65536,65536,2270,.690,.451,120,844,21383880,869,.48027429790748898678,351.60052490234375000000
bp_XBAR,64,68,random,65536,65536,2259,.680,.453,129,817,20606443,839,.48302392282720967979,339.52720642089843750000
bp_XBAR,64,73,random,65536,65536,2276,.730,.449,113,891,24371912,919,.48005569896016403046,397.23765563964843750000
bp_XBAR,64,70,random,65536,65536,2279,.700,.449,147,847,22235821,873,.47956089110721076495,364.64088439941406250000
bp_XBAR,64,74,random,65536,65536,2324,.740,.440,119,1004,24780135,1026,.47140122991967871485,403.42106628417968750000
bp_XBAR,64,72,random,65536,65536,2338,.720,.437,124,945,23335376,962,.46769017768035357855,381.28013610839843750000
bp_XBAR,64,75,random,65536,65536,2288,.750,.447,118,942,25603167,964,.47841831020541958041,415.95100402832031250000
bp_XBAR,64,71,random,65536,65536,2275,.710,.450,124,909,23009374,930,.48047103937728937728,376.57122802734375000000
ld_XBAR,64,51,random,65536,65536,2524,.510,.405,252,586,13664962,694,.82444986463285789751,235.51194763183593750000
ld_XBAR,64,53,random,65536,65536,2538,.530,.403,322,705,16528112,795,.82536025331625952193,279.38401794433593750000
ld_XBAR,64,52,random,65536,65536,2498,.520,.409,294,600,14940676,721,.83179772985054710435,254.94650268554687500000
ld_XBAR,64,54,random,65536,65536,2503,.540,.409,358,687,17097809,765,.82595728875349580503,287.72659301757812500000
ld_XBAR,64,55,random,65536,65536,2539,.550,.403,378,693,18385411,832,.82190535972167520021,307.62786865234375000000
ld_XBAR,64,56,random,65536,65536,2491,.560,.411,441,710,19014928,826,.83517119965208082430,317.13955688476562500000
ld_XBAR,64,57,random,65536,65536,2518,.570,.406,282,822,20821508,905,.83547261798384961609,345.01861572265625000000
ld_XBAR,64,58,random,65536,65536,2513,.580,.407,413,788,21909348,868,.83160119462130256002,361.44558715820312500000
ld_XBAR,64,59,random,65536,65536,2509,.590,.408,304,839,22833062,1020,.83460583565829679819,375.59373474121093750000
ld_XBAR,64,61,random,65536,65536,2525,.610,.405,402,896,24119649,939,.82699360561056105610,395.14747619628906250000
ld_XBAR,64,60,random,65536,65536,2539,.600,.403,294,913,24055749,1022,.82389002395956413286,394.22291564941406250000
ld_XBAR,64,62,random,65536,65536,2550,.620,.401,294,978,25717810,1043,.82136897467320261437,419.62229919433593750000
ld_XBAR,64,63,random,65536,65536,2507,.630,.408,404,908,25549436,1102,.83077746892035633559,416.89521789550781250000
ld_XBAR,64,64,random,65536,65536,2494,.640,.410,398,933,27335941,1139,.83813600558005880780,444.26580810546875000000
ld_XBAR,64,65,random,65536,65536,2512,.650,.407,340,957,27447559,1018,.82924773586783439490,445.86642456054687500000
ld_XBAR,64,66,random,65536,65536,2519,.660,.406,247,1005,28404992,1112,.82762618681355035066,460.49293518066406250000
ld_XBAR,64,67,random,65536,65536,2504,.670,.408,298,1032,29632517,1086,.83620790069222577209,479.35284423828125000000
ld_XBAR,64,68,random,65536,65536,2517,.680,.406,358,1038,29479509,1130,.82850884816580585352,476.89804077148437500000
ld_XBAR,64,70,random,65536,65536,2518,.700,.406,418,1083,32048014,1171,.83675918801297325920,516.37573242187500000000
ld_XBAR,64,69,random,65536,65536,2504,.690,.408,322,1025,30820469,1120,.83336921342518636847,497.38139343261718750000
ld_XBAR,64,71,random,65536,65536,2498,.710,.409,366,1082,31924502,1156,.83358249099279423538,514.16123962402343750000
ld_XBAR,64,72,random,65536,65536,2517,.720,.406,239,1130,32675232,1221,.82944260280095351609,525.67703247070312500000
ld_XBAR,64,74,random,65536,65536,2511,.740,.407,360,1142,33999915,1210,.83264832652993495287,545.95278930664062500000
ld_XBAR,64,73,random,65536,65536,2537,.730,.403,447,1149,34663725,1241,.83325788743266325055,556.38366699218750000000
ld_XBAR,64,75,random,65536,65536,2553,.750,.401,352,1194,34803286,1253,.81937967179135657396,558.21855163574218750000
