topo,n,rate,pat,sent,recv,time_taken,injection_rate,sustained_rate,if_worst_latency,queue_cumu_worst_latency,sum_queueing,worst_total_latency,sa
ld_TREE,2,100,random,2048,2048,1026,1.000,.998,2,0,0,2,.66536712150747238466
ld_TREE,2,100,local,2048,2048,1026,1.000,.998,2,0,0,2,.66536712150747238466
ld_TREE,4,100,local,4096,4096,2474,1.000,.413,408,1447,1986628,1452,.53795023803107877481
ld_TREE,4,100,random,4096,4096,1946,1.000,.526,26,919,1853472,931,.67700125613794678542
ld_TREE,8,100,local,8192,8192,3214,1.000,.318,400,2185,6894262,2195,.56409458618543870566
ld_TREE,8,100,random,8192,8192,3079,1.000,.332,59,2051,8200409,2059,.71785830278847492228
ld_TREE,16,100,local,16384,16384,3919,1.000,.261,370,2889,19151864,2898,.58422500070879759575
ld_XBAR,2,100,local,2048,2048,1026,1.000,.998,2,0,0,2,.49902534113060428849
ld_TREE,16,100,random,16384,16384,5367,1.000,.190,98,4335,34996730,4343,.74744011759103989400
ld_XBAR,4,100,local,4096,4096,2047,1.000,.500,369,1021,1365789,1031,.48751221299462628236
ld_XBAR,8,100,local,8192,8192,2294,1.000,.446,478,1266,4025837,1272,.55634263295553618134
ld_TREE,32,100,local,32768,32768,5504,1.000,.186,484,4470,59794672,4480,.55779374531132783195
ld_XBAR,2,100,random,2048,2048,1026,1.000,.998,2,0,0,2,.49902534113060428849
ld_TREE,32,100,random,32768,32768,10338,1.000,.099,241,9303,149923624,9314,.76758883085058360740
ld_XBAR,4,100,random,4096,4096,1580,1.000,.648,29,553,985761,565,.54442246835443037974
ld_XBAR,16,100,local,16384,16384,2356,1.000,.434,944,1326,9727688,1358,.61035653650254668930
ld_XBAR,8,100,random,8192,8192,1790,1.000,.572,90,760,2954241,778,.65302607076350093109
ld_MESH0,2,100,local,2048,2048,1026,1.000,.998,2,0,0,2,.57031467557783347257
ld_XBAR,16,100,random,16384,16384,2033,1.000,.503,130,1001,7814988,1049,.74481600467289719626
ld_MESH0,4,100,local,4096,4096,2047,1.000,.500,369,1021,1365789,1031,.55715681485100146555
ld_XBAR,32,100,local,32768,32768,2301,1.000,.445,1320,1269,17562228,1665,.64643089960886571056
ld_TREE,64,100,local,65536,65536,7198,1.000,.142,820,6163,153944559,6176,.52867566093462175707
ld_MESH0,8,100,local,8192,8192,2506,1.000,.408,462,1476,4737739,1486,.49506897731159502906
ld_MESH0,16,100,local,16384,16384,2723,1.000,.376,733,1691,11850752,1703,.48783182938985362782
ld_MESH0,2,100,random,2048,2048,1026,1.000,.998,2,0,0,2,.57031467557783347257
ld_MESH0,4,100,random,4096,4096,1580,1.000,.648,29,553,985761,565,.62219710669077757685
ld_TREE,64,100,random,65536,65536,20452,1.000,.050,453,19416,629395140,19429,.78272832917855409543
ld_XBAR,32,100,random,32768,32768,2294,1.000,.446,210,1260,19721092,1319,.80044273103748910200
ld_MESH0,8,100,random,8192,8192,1983,1.000,.516,47,956,3755792,978,.61143529524770069399
ld_MESH1,2,100,local,2048,2048,1026,1.000,.998,2,0,0,2,.57031467557783347257
ld_MESH0,16,100,random,16384,16384,2632,1.000,.389,116,1601,12599269,1611,.59910985670864090316
ld_MESH1,4,100,local,4096,4096,2047,1.000,.500,369,1021,1365789,1031,.55715681485100146555
ld_MESH0,32,100,local,32768,32768,2880,1.000,.355,801,1847,23587997,1857,.42437996031746031745
ld_MESH1,8,100,local,8192,8192,2294,1.000,.446,478,1266,4025837,1272,.63582015194918420724
ld_MESH1,16,100,local,16384,16384,2423,1.000,.422,592,1393,9911875,1414,.59374078768940510582
ld_MESH0,32,100,random,32768,32768,3633,1.000,.281,92,2599,40660243,2613,.53625791357005229837
ld_MESH1,2,100,random,2048,2048,1026,1.000,.998,2,0,0,2,.57031467557783347257
ld_MESH1,4,100,random,4096,4096,1580,1.000,.648,29,553,985761,565,.62219710669077757685
ld_MESH1,8,100,random,8192,8192,1790,1.000,.572,90,760,2954241,778,.74631550944400106410
ld_MESH1,16,100,random,16384,16384,2217,1.000,.461,86,1187,9179340,1209,.72175236806495263869
ld_MESH1,32,100,local,32768,32768,2459,1.000,.416,1134,1428,19423620,1504,.58364172427816185440
ld_XBAR,64,100,local,65536,65536,2176,1.000,.470,2003,1147,28083154,2058,.65053663066789215686
ld_MESH0,64,100,local,65536,65536,2998,1.000,.341,1184,1967,46033772,1993,.38252138330315448393
ld_XBAR,64,100,random,65536,65536,2515,1.000,.407,290,1479,45817613,1533,.83487253561961563949
ld_MESH0,64,100,random,65536,65536,5048,1.000,.202,136,4014,128206729,4027,.49898592559052147007
ld_MESH1,32,100,random,32768,32768,2755,1.000,.371,104,1721,26569764,1746,.69862068965517241378
ld_MESH1,64,100,local,65536,65536,2389,1.000,.428,1214,1355,35100184,1493,.54255865175706113336
ld_MESH1,64,100,random,65536,65536,3417,1.000,.299,167,2381,75882021,2427,.68173270552001895284
fc_BFT0,2,100,local,2048,2048,1025,1.000,.999,1,0,0,1,.66601626016260162601
fc_BFT0,2,100,random,2048,2048,1025,1.000,.999,1,0,0,1,.66601626016260162601
fc_BFT3,2,100,local,2048,2048,1025,1.000,.999,1,0,0,1,.49951219512195121951
fc_BFT3,4,100,local,4096,4096,1709,1.000,.599,18,681,1185915,685,.27852545348156816851
fc_BFT0,4,100,random,4096,4096,1605,1.000,.638,10,577,1120189,580,.64105226722049151955
fc_BFT0,4,100,local,4096,4096,1799,1.000,.569,13,771,1106067,774,.47396701871410042616
fc_BFT3,8,100,local,8192,8192,1692,1.000,.605,42,662,1933207,669,.25078802206461780929
fc_BFT3,2,100,random,2048,2048,1025,1.000,.999,1,0,0,1,.49951219512195121951
fc_BFT3,16,100,local,16384,16384,1748,1.000,.585,61,718,3685674,723,.21201909324942791762
fc_BFT3,4,100,random,4096,4096,1423,1.000,.719,13,395,777048,400,.40785312719606465214
fc_BFT3,8,100,random,8192,8192,1721,1.000,.595,36,692,2444927,699,.36398411776099167150
fc_BFT0,8,100,random,8192,8192,2778,1.000,.368,23,1750,6990397,1756,.51283897288216942644
fc_BFT0,8,100,local,8192,8192,2089,1.000,.490,26,1059,3319241,1065,.46880485080580820169
fc_BFT3,16,100,random,16384,16384,1897,1.000,.539,55,866,6294490,874,.36103057459146020031
fc_BFT1,2,100,local,2048,2048,1025,1.000,.999,1,0,0,1,.57087108013937282229
fc_BFT3,32,100,local,32768,32768,1693,1.000,.604,70,665,6882729,670,.19118428824571766095
fc_BFT1,4,100,local,4096,4096,1709,1.000,.599,18,681,1185915,685,.31831480397893504973
fc_BFT1,8,100,local,8192,8192,1787,1.000,.573,34,757,2111778,766,.27180430090334958829
fc_BFT3,32,100,random,32768,32768,2044,1.000,.500,84,1011,15294533,1025,.35932301859099804305
fc_BFT1,2,100,random,2048,2048,1025,1.000,.999,1,0,0,1,.57087108013937282229
fc_BFT1,4,100,random,4096,4096,1423,1.000,.719,13,395,777048,400,.46611785965264531673
fc_BFT1,8,100,random,8192,8192,1802,1.000,.568,30,772,2828428,777,.39723059034934728608
fc_BFT1,16,100,local,16384,16384,1863,1.000,.549,54,832,4144785,842,.22827045471973008204
fc_BFT0,16,100,random,16384,16384,5382,1.000,.190,39,4350,34582471,4357,.36304554275568768322
fc_BFT3,64,100,local,65536,65536,1731,1.000,.591,85,703,13322122,708,.16226922058540342769
fc_BFT0,16,100,local,16384,16384,2340,1.000,.437,35,1308,8470660,1315,.45278252611585944919
fc_BFT2,2,100,local,2048,2048,1025,1.000,.999,1,0,0,1,.57087108013937282229
fc_BFT2,4,100,local,4096,4096,1709,1.000,.599,18,681,1185915,685,.31831480397893504973
fc_BFT2,8,100,local,8192,8192,1692,1.000,.605,42,662,1933207,669,.28661488235956321062
fc_BFT3,64,100,random,65536,65536,2270,1.000,.451,127,1235,36959476,1250,.34246397760646108663
fc_BFT2,16,100,local,16384,16384,1748,1.000,.585,61,718,3685674,723,.24230753514220333442
fc_BFT1,16,100,random,16384,16384,2504,1.000,.408,37,1474,11270132,1481,.31314183021451392058
fc_BFT2,2,100,random,2048,2048,1025,1.000,.999,1,0,0,1,.57087108013937282229
fc_BFT2,4,100,random,4096,4096,1423,1.000,.719,13,395,777048,400,.46611785965264531673
fc_BFT2,8,100,random,8192,8192,1721,1.000,.595,36,692,2444927,699,.41598184886970476743
fc_BFT1,32,100,local,32768,32768,1822,1.000,.562,66,795,7845314,802,.20278736082797553708
fc_BFT2,16,100,random,16384,16384,1970,1.000,.519,47,935,6980821,945,.39780638143582306018
fc_BFT2,32,100,local,32768,32768,1693,1.000,.604,70,665,6882729,670,.21849632942367732680
fc_BFT1,32,100,random,32768,32768,3342,1.000,.306,53,2311,35566897,2321,.25144695220996836795
fc_BFT2,32,100,random,32768,32768,2617,1.000,.391,51,1584,24036274,1593,.32198537038047928380
fc_BFT0,32,100,random,32768,32768,10353,1.000,.098,68,9320,150021781,9330,.24359257978311828995
fc_BFT0,32,100,local,32768,32768,2503,1.000,.409,42,1474,19609304,1484,.44474802280274423380
fc_BFT2,64,100,local,65536,65536,1731,1.000,.591,85,703,13322122,708,.18545053781188963164
fc_BFT2,64,100,random,65536,65536,3173,1.000,.322,85,2138,66530325,2149,.27964184413128629957
fc_BFT1,64,100,local,65536,65536,1792,1.000,.571,79,763,15206513,771,.17924240008503401360
fc_BFT1,64,100,random,65536,65536,4931,1.000,.207,68,3893,122125396,3907,.17988056609786482023
fc_BFT0,64,100,random,65536,65536,20694,1.000,.049,124,19660,637523173,19671,.15227377206694883316
fc_BFT0,64,100,local,65536,65536,2682,1.000,.381,51,1655,42941208,1666,.42711156879687826742
hoplite_1,4,100,random,4096,4096,1888,100,1,1,1,1,867,.59807556497175141242
hoplite_1,4,100,local,4096,4096,1624,100,1,1,1,1,601,.61135057471264367816
hoplite_1,9,100,random,9216,9216,2776,100,1,1,1,1,1755,.57302006617568577222
hoplite_1,9,100,local,9216,9216,2109,100,1,1,1,1,1087,.59531461285847250759
hoplite_1,16,100,random,16384,16384,3934,100,1,1,1,1,2913,.54075050838840874428
hoplite_1,16,100,local,16384,16384,2791,100,1,1,1,1,1771,.56715782873522035112
hoplite_1,25,100,random,25600,25600,5243,100,1,1,1,1,4221,.52067900057219149341
hoplite_1,25,100,local,25600,25600,3533,100,1,1,1,1,2511,.54984055099537692235
hoplite_1,36,100,random,36864,36864,6430,100,1,1,1,1,5411,.51414089050169921087
hoplite_1,36,100,local,36864,36864,4312,100,1,1,1,1,3301,.53490045007902150759
hoplite_1,49,100,random,50176,50176,7682,100,1,1,1,1,6659,.50606063826207390011
hoplite_1,49,100,local,50176,50176,5149,100,1,1,1,1,4129,.52090690616895427815
hoplite_1,64,100,random,65536,65536,9038,100,1,1,1,1,8017,.49935572951242900346
hoplite_1,64,100,local,65536,65536,5920,100,1,1,1,1,4899,.51509009009009009009
CMU,16,10,local,16384,16384,10716,.100,.095,8,8,0,0,0
CMU,16,20,local,16384,16384,5409,.200,.189,9,9,0,0,0
CMU,16,30,local,16384,16384,3605,.300,.284,11,11,0,0,0
CMU,16,40,local,16384,16384,2643,.400,.387,12,12,0,0,0
CMU,16,50,local,16384,16384,2106,.500,.486,15,15,0,0,0
CMU,16,60,local,16384,16384,1752,.600,.584,19,19,277,0,0
CMU,16,70,local,16384,16384,1510,.700,.678,31,56,25706,0,0
CMU,16,80,local,16384,16384,1493,.800,.685,58,255,381969,0,0
CMU,16,90,local,16384,16384,1512,.900,.677,102,393,1332999,0,0
CMU,16,100,local,16384,16384,1524,1.000,.671,84,501,2266322,0,0
CMU,16,10,random,16384,16384,10716,.100,.095,10,10,0,0,0
CMU,16,20,random,16384,16384,5411,.200,.189,14,14,0,0,0
CMU,16,30,random,16384,16384,3605,.300,.284,13,13,0,0,0
CMU,16,40,random,16384,16384,2643,.400,.387,16,16,0,0,0
CMU,16,50,random,16384,16384,2109,.500,.485,21,21,1,0,0
CMU,16,60,random,16384,16384,1752,.600,.584,32,32,266,0,0
CMU,16,70,random,16384,16384,1531,.700,.668,54,123,165525,0,0
CMU,16,80,random,16384,16384,1588,.800,.644,68,369,1385862,0,0
CMU,16,90,random,16384,16384,1602,.900,.639,59,503,2589599,0,0
CMU,16,100,random,16384,16384,1575,1.000,.650,57,561,3411133,0,0
CMU,8,100,random,8192,8192,1451,1.000,.705,45,419,1540187,434,0
CMU,32,100,random,32768,32768,1715,1.000,.597,81,679,7749669,706,0
CMU,64,100,random,65536,65536,1909,1.000,.536,118,872,18146672,894,0
IC,16,100,local,16384,16384,2053,1.000,.498,5,1025,8399911,1029,0
IC,16,100,random,16384,16382,5598,1.000,.182,30,4574,16346849,4576,0
IC,2,100,random,2048,2048,1028,1.000,.996,1,3,6144,4
IC,4,100,random,4096,4096,2052,1.000,.499,5,1025,2100233,1029
IC,8,100,random,8192,8192,2053,1.000,.498,5,1025,4201487,1029
